"index","title","filename","absolute_path"
"1","9 20 Special","9 20 Special - Jazz Lead Sheet.pdf","/Users/p3tr4/Documents/LavaAI-demo/output/jazzleadsheet-pdfs/9 20 Special - Jazz Lead Sheet.pdf"
"2","A Foggy Day","A Foggy Day - Jazz Lead Sheet.pdf","/Users/p3tr4/Documents/LavaAI-demo/output/jazzleadsheet-pdfs/A Foggy Day - Jazz Lead Sheet.pdf"
"3","A Night in Tunisia","A Night in Tunisia - Jazz Lead Sheet.pdf","/Users/p3tr4/Documents/LavaAI-demo/output/jazzleadsheet-pdfs/A Night in Tunisia - Jazz Lead Sheet.pdf"
"4","A Smooth One","A Smooth One - Jazz Lead Sheet.pdf","/Users/p3tr4/Documents/LavaAI-demo/output/jazzleadsheet-pdfs/A Smooth One - Jazz Lead Sheet.pdf"
"5","After You've Gone","After You've Gone - Jazz Lead Sheet.pdf","/Users/p3tr4/Documents/LavaAI-demo/output/jazzleadsheet-pdfs/After You've Gone - Jazz Lead Sheet.pdf"
"6","Ain't Misbehavin'","Ain't Misbehavin' - Jazz Lead Sheet.pdf","/Users/p3tr4/Documents/LavaAI-demo/output/jazzleadsheet-pdfs/Ain't Misbehavin' - Jazz Lead Sheet.pdf"
"7","Alice in Wonderland","Alice in Wonderland - Jazz Lead Sheet.pdf","/Users/p3tr4/Documents/LavaAI-demo/output/jazzleadsheet-pdfs/Alice in Wonderland - Jazz Lead Sheet.pdf"
"8","All Blues","All Blues - Jazz Lead Sheet.pdf","/Users/p3tr4/Documents/LavaAI-demo/output/jazzleadsheet-pdfs/All Blues - Jazz Lead Sheet.pdf"
"9","All I Do Is Dream of You","All I Do Is Dream of You - Jazz Lead Sheet.pdf","/Users/p3tr4/Documents/LavaAI-demo/output/jazzleadsheet-pdfs/All I Do Is Dream of You - Jazz Lead Sheet.pdf"
"10","All of me","All of me - Jazz Lead Sheet.pdf","/Users/p3tr4/Documents/LavaAI-demo/output/jazzleadsheet-pdfs/All of me - Jazz Lead Sheet.pdf"
"11","All the things you are","All the things you are - Jazz Lead Sheet.pdf","/Users/p3tr4/Documents/LavaAI-demo/output/jazzleadsheet-pdfs/All the things you are - Jazz Lead Sheet.pdf"
"12","Almost Like Being in Love","Almost Like Being in Love - Jazz Lead Sheet.pdf","/Users/p3tr4/Documents/LavaAI-demo/output/jazzleadsheet-pdfs/Almost Like Being in Love - Jazz Lead Sheet.pdf"
"13","Alone Together","Alone Together - Jazz Lead Sheet.pdf","/Users/p3tr4/Documents/LavaAI-demo/output/jazzleadsheet-pdfs/Alone Together - Jazz Lead Sheet.pdf"
"14","Anthropology","Anthropology - Jazz Lead Sheet.pdf","/Users/p3tr4/Documents/LavaAI-demo/output/jazzleadsheet-pdfs/Anthropology - Jazz Lead Sheet.pdf"
"15","Autumn Leaves","Autumn Leaves - Jazz Lead Sheet.pdf","/Users/p3tr4/Documents/LavaAI-demo/output/jazzleadsheet-pdfs/Autumn Leaves - Jazz Lead Sheet.pdf"
"16","Back Beat","Back Beat - Jazz Lead Sheet.pdf","/Users/p3tr4/Documents/LavaAI-demo/output/jazzleadsheet-pdfs/Back Beat - Jazz Lead Sheet.pdf"
"17","Back Home Again in Indiana","Back Home Again in Indiana - Jazz Lead Sheet.pdf","/Users/p3tr4/Documents/LavaAI-demo/output/jazzleadsheet-pdfs/Back Home Again in Indiana - Jazz Lead Sheet.pdf"
"18","Bag's Groove","Bag's Groove - Jazz Lead Sheet.pdf","/Users/p3tr4/Documents/LavaAI-demo/output/jazzleadsheet-pdfs/Bag's Groove - Jazz Lead Sheet.pdf"
"19","Beatrice","Beatrice - Jazz Lead Sheet.pdf","/Users/p3tr4/Documents/LavaAI-demo/output/jazzleadsheet-pdfs/Beatrice - Jazz Lead Sheet.pdf"
"20","Beautiful Love","Beautiful Love - Jazz Lead Sheet.pdf","/Users/p3tr4/Documents/LavaAI-demo/output/jazzleadsheet-pdfs/Beautiful Love - Jazz Lead Sheet.pdf"
"21","Billie's Bounce","Billie's Bounce - Jazz Lead Sheet.pdf","/Users/p3tr4/Documents/LavaAI-demo/output/jazzleadsheet-pdfs/Billie's Bounce - Jazz Lead Sheet.pdf"
"22","Black Orpheus(Manhã de Carnaval)","Black Orpheus(Manhã de Carnaval) - Jazz Lead Sheet.pdf","/Users/p3tr4/Documents/LavaAI-demo/output/jazzleadsheet-pdfs/Black Orpheus(Manhã de Carnaval) - Jazz Lead Sheet.pdf"
"23","Blue Bird","Blue Bird - Jazz Lead Sheet.pdf","/Users/p3tr4/Documents/LavaAI-demo/output/jazzleadsheet-pdfs/Blue Bird - Jazz Lead Sheet.pdf"
"24","Blue Bossa","Blue Bossa - Jazz Lead Sheet.pdf","/Users/p3tr4/Documents/LavaAI-demo/output/jazzleadsheet-pdfs/Blue Bossa - Jazz Lead Sheet.pdf"
"25","Blue Monk","Blue Monk - Jazz Lead Sheet.pdf","/Users/p3tr4/Documents/LavaAI-demo/output/jazzleadsheet-pdfs/Blue Monk - Jazz Lead Sheet.pdf"
"26","Blue Moon","Blue Moon - Jazz Lead Sheet.pdf","/Users/p3tr4/Documents/LavaAI-demo/output/jazzleadsheet-pdfs/Blue Moon - Jazz Lead Sheet.pdf"
"27","Blue Train","Blue Train - Jazz Lead Sheet.pdf","/Users/p3tr4/Documents/LavaAI-demo/output/jazzleadsheet-pdfs/Blue Train - Jazz Lead Sheet.pdf"
"28","Blues For Alice","Blues For Alice - Jazz Lead Sheet.pdf","/Users/p3tr4/Documents/LavaAI-demo/output/jazzleadsheet-pdfs/Blues For Alice - Jazz Lead Sheet.pdf"
"29","Bolivia","Bolivia - Jazz Lead Sheet.pdf","/Users/p3tr4/Documents/LavaAI-demo/output/jazzleadsheet-pdfs/Bolivia - Jazz Lead Sheet.pdf"
"30","But Not For Me","But Not For Me - Jazz Lead Sheet.pdf","/Users/p3tr4/Documents/LavaAI-demo/output/jazzleadsheet-pdfs/But Not For Me - Jazz Lead Sheet.pdf"
"31","Bye Bye Blackbird","Bye Bye Blackbird - Jazz Lead Sheet.pdf","/Users/p3tr4/Documents/LavaAI-demo/output/jazzleadsheet-pdfs/Bye Bye Blackbird - Jazz Lead Sheet.pdf"
"32","C Jam Blues","C Jam Blues - Jazz Lead Sheet.pdf","/Users/p3tr4/Documents/LavaAI-demo/output/jazzleadsheet-pdfs/C Jam Blues - Jazz Lead Sheet.pdf"
"33","C'est Si Bon","C'est Si Bon - Jazz Lead Sheet.pdf","/Users/p3tr4/Documents/LavaAI-demo/output/jazzleadsheet-pdfs/C'est Si Bon - Jazz Lead Sheet.pdf"
"34","Cantaloupe Island","Cantaloupe Island - Jazz Lead Sheet.pdf","/Users/p3tr4/Documents/LavaAI-demo/output/jazzleadsheet-pdfs/Cantaloupe Island - Jazz Lead Sheet.pdf"
"35","Caravan","Caravan - Jazz Lead Sheet.pdf","/Users/p3tr4/Documents/LavaAI-demo/output/jazzleadsheet-pdfs/Caravan - Jazz Lead Sheet.pdf"
"36","Ceora","Ceora - Jazz Lead Sheet.pdf","/Users/p3tr4/Documents/LavaAI-demo/output/jazzleadsheet-pdfs/Ceora - Jazz Lead Sheet.pdf"
"37","Cheek to Cheek","Cheek to Cheek - Jazz Lead Sheet.pdf","/Users/p3tr4/Documents/LavaAI-demo/output/jazzleadsheet-pdfs/Cheek to Cheek - Jazz Lead Sheet.pdf"
"38","Cherokee","Cherokee - Jazz Lead Sheet.pdf","/Users/p3tr4/Documents/LavaAI-demo/output/jazzleadsheet-pdfs/Cherokee - Jazz Lead Sheet.pdf"
"39","Cold Duck Time","Cold Duck Time - Jazz Lead Sheet.pdf","/Users/p3tr4/Documents/LavaAI-demo/output/jazzleadsheet-pdfs/Cold Duck Time - Jazz Lead Sheet.pdf"
"40","Confirmation","Confirmation - Jazz Lead Sheet.pdf","/Users/p3tr4/Documents/LavaAI-demo/output/jazzleadsheet-pdfs/Confirmation - Jazz Lead Sheet.pdf"
"41","Coquette","Coquette - Jazz Lead Sheet.pdf","/Users/p3tr4/Documents/LavaAI-demo/output/jazzleadsheet-pdfs/Coquette - Jazz Lead Sheet.pdf"
"42","Cotton Tail","Cotton Tail - Jazz Lead Sheet.pdf","/Users/p3tr4/Documents/LavaAI-demo/output/jazzleadsheet-pdfs/Cotton Tail - Jazz Lead Sheet.pdf"
"43","Days of Wine and Roses","Days of Wine and Roses - Jazz Lead Sheet.pdf","/Users/p3tr4/Documents/LavaAI-demo/output/jazzleadsheet-pdfs/Days of Wine and Roses - Jazz Lead Sheet.pdf"
"44","Desafinado","Desafinado - Jazz Lead Sheet.pdf","/Users/p3tr4/Documents/LavaAI-demo/output/jazzleadsheet-pdfs/Desafinado - Jazz Lead Sheet.pdf"
"45","Dindi","Dindi - Jazz Lead Sheet.pdf","/Users/p3tr4/Documents/LavaAI-demo/output/jazzleadsheet-pdfs/Dindi - Jazz Lead Sheet.pdf"
"46","Don't Get Around Much Anymore","Don't Get Around Much Anymore - Jazz Lead Sheet.pdf","/Users/p3tr4/Documents/LavaAI-demo/output/jazzleadsheet-pdfs/Don't Get Around Much Anymore - Jazz Lead Sheet.pdf"
"47","Donna Lee","Donna Lee - Jazz Lead Sheet.pdf","/Users/p3tr4/Documents/LavaAI-demo/output/jazzleadsheet-pdfs/Donna Lee - Jazz Lead Sheet.pdf"
"48","Doxy","Doxy - Jazz Lead Sheet.pdf","/Users/p3tr4/Documents/LavaAI-demo/output/jazzleadsheet-pdfs/Doxy - Jazz Lead Sheet.pdf"
"49","Dream a Little Dream of Me","Dream a Little Dream of Me - Jazz Lead Sheet.pdf","/Users/p3tr4/Documents/LavaAI-demo/output/jazzleadsheet-pdfs/Dream a Little Dream of Me - Jazz Lead Sheet.pdf"
"50","Dream of You","Dream of You - Jazz Lead Sheet.pdf","/Users/p3tr4/Documents/LavaAI-demo/output/jazzleadsheet-pdfs/Dream of You - Jazz Lead Sheet.pdf"
"51","Easy Money","Easy Money - Jazz Lead Sheet.pdf","/Users/p3tr4/Documents/LavaAI-demo/output/jazzleadsheet-pdfs/Easy Money - Jazz Lead Sheet.pdf"
"52","Exactly Like You","Exactly Like You - Jazz Lead Sheet.pdf","/Users/p3tr4/Documents/LavaAI-demo/output/jazzleadsheet-pdfs/Exactly Like You - Jazz Lead Sheet.pdf"
"53","Fly me to the moon","Fly me to the moon - Jazz Lead Sheet.pdf","/Users/p3tr4/Documents/LavaAI-demo/output/jazzleadsheet-pdfs/Fly me to the moon - Jazz Lead Sheet.pdf"
"54","Footprints","Footprints - Jazz Lead Sheet.pdf","/Users/p3tr4/Documents/LavaAI-demo/output/jazzleadsheet-pdfs/Footprints - Jazz Lead Sheet.pdf"
"55","Four","Four - Jazz Lead Sheet.pdf","/Users/p3tr4/Documents/LavaAI-demo/output/jazzleadsheet-pdfs/Four - Jazz Lead Sheet.pdf"
"56","Frantonality","Frantonality - Jazz Lead Sheet.pdf","/Users/p3tr4/Documents/LavaAI-demo/output/jazzleadsheet-pdfs/Frantonality - Jazz Lead Sheet.pdf"
"57","Giant Step","Giant Step - Jazz Lead Sheet.pdf","/Users/p3tr4/Documents/LavaAI-demo/output/jazzleadsheet-pdfs/Giant Step - Jazz Lead Sheet.pdf"
"58","Good Morning","Good Morning - Jazz Lead Sheet.pdf","/Users/p3tr4/Documents/LavaAI-demo/output/jazzleadsheet-pdfs/Good Morning - Jazz Lead Sheet.pdf"
"59","Good Morning Heartache","Good Morning Heartache - Jazz Lead Sheet.pdf","/Users/p3tr4/Documents/LavaAI-demo/output/jazzleadsheet-pdfs/Good Morning Heartache - Jazz Lead Sheet.pdf"
"60","Have You Met Miss Jones","Have You Met Miss Jones - Jazz Lead Sheet.pdf","/Users/p3tr4/Documents/LavaAI-demo/output/jazzleadsheet-pdfs/Have You Met Miss Jones - Jazz Lead Sheet.pdf"
"61","Honeysuckle Rose","Honeysuckle Rose - Jazz Lead Sheet.pdf","/Users/p3tr4/Documents/LavaAI-demo/output/jazzleadsheet-pdfs/Honeysuckle Rose - Jazz Lead Sheet.pdf"
"62","How High The Moon","How High The Moon - Jazz Lead Sheet.pdf","/Users/p3tr4/Documents/LavaAI-demo/output/jazzleadsheet-pdfs/How High The Moon - Jazz Lead Sheet.pdf"
"63","How Insensitive","How Insensitive - Jazz Lead Sheet.pdf","/Users/p3tr4/Documents/LavaAI-demo/output/jazzleadsheet-pdfs/How Insensitive - Jazz Lead Sheet.pdf"
"64","I Can't Believe That You're in Love with Me","I Can't Believe That You're in Love with Me - Jazz Lead Sheet.pdf","/Users/p3tr4/Documents/LavaAI-demo/output/jazzleadsheet-pdfs/I Can't Believe That You're in Love with Me - Jazz Lead Sheet.pdf"
"65","I Can't Give You Anything But Love","I Can't Give You Anything But Love - Jazz Lead Sheet.pdf","/Users/p3tr4/Documents/LavaAI-demo/output/jazzleadsheet-pdfs/I Can't Give You Anything But Love - Jazz Lead Sheet.pdf"
"66","I Fall in Love Too Easily","I Fall in Love Too Easily - Jazz Lead Sheet.pdf","/Users/p3tr4/Documents/LavaAI-demo/output/jazzleadsheet-pdfs/I Fall in Love Too Easily - Jazz Lead Sheet.pdf"
"67","I Got Rhythm","I Got Rhythm - Jazz Lead Sheet.pdf","/Users/p3tr4/Documents/LavaAI-demo/output/jazzleadsheet-pdfs/I Got Rhythm - Jazz Lead Sheet.pdf"
"68","I May Be Wrong","I May Be Wrong - Jazz Lead Sheet.pdf","/Users/p3tr4/Documents/LavaAI-demo/output/jazzleadsheet-pdfs/I May Be Wrong - Jazz Lead Sheet.pdf"
"69","I'll Remember April","I'll Remember April - Jazz Lead Sheet.pdf","/Users/p3tr4/Documents/LavaAI-demo/output/jazzleadsheet-pdfs/I'll Remember April - Jazz Lead Sheet.pdf"
"70","I'm Begining to See the Light","I'm Begining to See the Light - Jazz Lead Sheet.pdf","/Users/p3tr4/Documents/LavaAI-demo/output/jazzleadsheet-pdfs/I'm Begining to See the Light - Jazz Lead Sheet.pdf"
"71","I'm Confessin'(That I Love You)","I'm Confessin'(That I Love You) - Jazz Lead Sheet.pdf","/Users/p3tr4/Documents/LavaAI-demo/output/jazzleadsheet-pdfs/I'm Confessin'(That I Love You) - Jazz Lead Sheet.pdf"
"72","I've Never Been in Love Before","I've Never Been in Love Before - Jazz Lead Sheet.pdf","/Users/p3tr4/Documents/LavaAI-demo/output/jazzleadsheet-pdfs/I've Never Been in Love Before - Jazz Lead Sheet.pdf"
"73","If I Were a Bell","If I Were a Bell - Jazz Lead Sheet.pdf","/Users/p3tr4/Documents/LavaAI-demo/output/jazzleadsheet-pdfs/If I Were a Bell - Jazz Lead Sheet.pdf"
"74","In a Mellow Tone","In a Mellow Tone - Jazz Lead Sheet.pdf","/Users/p3tr4/Documents/LavaAI-demo/output/jazzleadsheet-pdfs/In a Mellow Tone - Jazz Lead Sheet.pdf"
"75","Interplay","Interplay - Jazz Lead Sheet.pdf","/Users/p3tr4/Documents/LavaAI-demo/output/jazzleadsheet-pdfs/Interplay - Jazz Lead Sheet.pdf"
"76","Isn't She Lovely","Isn't She Lovely - Jazz Lead Sheet.pdf","/Users/p3tr4/Documents/LavaAI-demo/output/jazzleadsheet-pdfs/Isn't She Lovely - Jazz Lead Sheet.pdf"
"77","It Could Happen To You","It Could Happen To You - Jazz Lead Sheet.pdf","/Users/p3tr4/Documents/LavaAI-demo/output/jazzleadsheet-pdfs/It Could Happen To You - Jazz Lead Sheet.pdf"
"78","It Don't Mean A Thing","It Don't Mean A Thing - Jazz Lead Sheet.pdf","/Users/p3tr4/Documents/LavaAI-demo/output/jazzleadsheet-pdfs/It Don't Mean A Thing - Jazz Lead Sheet.pdf"
"79","It Had To Be You","It Had To Be You - Jazz Lead Sheet.pdf","/Users/p3tr4/Documents/LavaAI-demo/output/jazzleadsheet-pdfs/It Had To Be You - Jazz Lead Sheet.pdf"
"80","It's Always You","It's Always You - Jazz Lead Sheet.pdf","/Users/p3tr4/Documents/LavaAI-demo/output/jazzleadsheet-pdfs/It's Always You - Jazz Lead Sheet.pdf"
"81","It's Only a Paper Moon","It's Only a Paper Moon - Jazz Lead Sheet.pdf","/Users/p3tr4/Documents/LavaAI-demo/output/jazzleadsheet-pdfs/It's Only a Paper Moon - Jazz Lead Sheet.pdf"
"82","Joy Spring","Joy Spring - Jazz Lead Sheet.pdf","/Users/p3tr4/Documents/LavaAI-demo/output/jazzleadsheet-pdfs/Joy Spring - Jazz Lead Sheet.pdf"
"83","Just Friends","Just Friends - Jazz Lead Sheet.pdf","/Users/p3tr4/Documents/LavaAI-demo/output/jazzleadsheet-pdfs/Just Friends - Jazz Lead Sheet.pdf"
"84","Just the Two of Us","Just the Two of Us - Jazz Lead Sheet.pdf","/Users/p3tr4/Documents/LavaAI-demo/output/jazzleadsheet-pdfs/Just the Two of Us - Jazz Lead Sheet.pdf"
"85","Just You, Just Me","Just You, Just Me - Jazz Lead Sheet.pdf","/Users/p3tr4/Documents/LavaAI-demo/output/jazzleadsheet-pdfs/Just You, Just Me - Jazz Lead Sheet.pdf"
"86","L-O-V-E(Love)","L-O-V-E(Love) - Jazz Lead Sheet.pdf","/Users/p3tr4/Documents/LavaAI-demo/output/jazzleadsheet-pdfs/L-O-V-E(Love) - Jazz Lead Sheet.pdf"
"87","La Vie en Rose","La Vie en Rose - Jazz Lead Sheet.pdf","/Users/p3tr4/Documents/LavaAI-demo/output/jazzleadsheet-pdfs/La Vie en Rose - Jazz Lead Sheet.pdf"
"88","Lady is a Tramp","Lady is a Tramp - Jazz Lead Sheet.pdf","/Users/p3tr4/Documents/LavaAI-demo/output/jazzleadsheet-pdfs/Lady is a Tramp - Jazz Lead Sheet.pdf"
"89","Love for Sale","Love for Sale - Jazz Lead Sheet.pdf","/Users/p3tr4/Documents/LavaAI-demo/output/jazzleadsheet-pdfs/Love for Sale - Jazz Lead Sheet.pdf"
"90","Love is here to stay","Love is here to stay - Jazz Lead Sheet.pdf","/Users/p3tr4/Documents/LavaAI-demo/output/jazzleadsheet-pdfs/Love is here to stay - Jazz Lead Sheet.pdf"
"91","Lullaby of Birdland","Lullaby of Birdland - Jazz Lead Sheet.pdf","/Users/p3tr4/Documents/LavaAI-demo/output/jazzleadsheet-pdfs/Lullaby of Birdland - Jazz Lead Sheet.pdf"
"92","Maiden Voyage","Maiden Voyage - Jazz Lead Sheet.pdf","/Users/p3tr4/Documents/LavaAI-demo/output/jazzleadsheet-pdfs/Maiden Voyage - Jazz Lead Sheet.pdf"
"93","Mean to Me","Mean to Me - Jazz Lead Sheet.pdf","/Users/p3tr4/Documents/LavaAI-demo/output/jazzleadsheet-pdfs/Mean to Me - Jazz Lead Sheet.pdf"
"94","Minor Swing","Minor Swing - Jazz Lead Sheet.pdf","/Users/p3tr4/Documents/LavaAI-demo/output/jazzleadsheet-pdfs/Minor Swing - Jazz Lead Sheet.pdf"
"95","Misty","Misty - Jazz Lead Sheet.pdf","/Users/p3tr4/Documents/LavaAI-demo/output/jazzleadsheet-pdfs/Misty - Jazz Lead Sheet.pdf"
"96","Moanin'","Moanin' - Jazz Lead Sheet.pdf","/Users/p3tr4/Documents/LavaAI-demo/output/jazzleadsheet-pdfs/Moanin' - Jazz Lead Sheet.pdf"
"97","Mood Indigo","Mood Indigo - Jazz Lead Sheet.pdf","/Users/p3tr4/Documents/LavaAI-demo/output/jazzleadsheet-pdfs/Mood Indigo - Jazz Lead Sheet.pdf"
"98","Moonglow","Moonglow - Jazz Lead Sheet.pdf","/Users/p3tr4/Documents/LavaAI-demo/output/jazzleadsheet-pdfs/Moonglow - Jazz Lead Sheet.pdf"
"99","Moppin' and Boppin'","Moppin' and Boppin' - Jazz Lead Sheet.pdf","/Users/p3tr4/Documents/LavaAI-demo/output/jazzleadsheet-pdfs/Moppin' and Boppin' - Jazz Lead Sheet.pdf"
"100","Mr. P.C.","Mr. P.C. - Jazz Lead Sheet.pdf","/Users/p3tr4/Documents/LavaAI-demo/output/jazzleadsheet-pdfs/Mr. P.C. - Jazz Lead Sheet.pdf"
"101","My Funny Valentine","My Funny Valentine - Jazz Lead Sheet.pdf","/Users/p3tr4/Documents/LavaAI-demo/output/jazzleadsheet-pdfs/My Funny Valentine - Jazz Lead Sheet.pdf"
"102","Night And Day","Night And Day - Jazz Lead Sheet.pdf","/Users/p3tr4/Documents/LavaAI-demo/output/jazzleadsheet-pdfs/Night And Day - Jazz Lead Sheet.pdf"
"103","Night Train","Night Train - Jazz Lead Sheet.pdf","/Users/p3tr4/Documents/LavaAI-demo/output/jazzleadsheet-pdfs/Night Train - Jazz Lead Sheet.pdf"
"104","Now's The Time","Now's The Time - Jazz Lead Sheet.pdf","/Users/p3tr4/Documents/LavaAI-demo/output/jazzleadsheet-pdfs/Now's The Time - Jazz Lead Sheet.pdf"
"105","Oh, Lady Be Good","Oh, Lady Be Good - Jazz Lead Sheet.pdf","/Users/p3tr4/Documents/LavaAI-demo/output/jazzleadsheet-pdfs/Oh, Lady Be Good - Jazz Lead Sheet.pdf"
"106","Oleo","Oleo - Jazz Lead Sheet.pdf","/Users/p3tr4/Documents/LavaAI-demo/output/jazzleadsheet-pdfs/Oleo - Jazz Lead Sheet.pdf"
"107","On a Slow Boat to China","On a Slow Boat to China - Jazz Lead Sheet.pdf","/Users/p3tr4/Documents/LavaAI-demo/output/jazzleadsheet-pdfs/On a Slow Boat to China - Jazz Lead Sheet.pdf"
"108","On Green Dolphin Street","On Green Dolphin Street - Jazz Lead Sheet.pdf","/Users/p3tr4/Documents/LavaAI-demo/output/jazzleadsheet-pdfs/On Green Dolphin Street - Jazz Lead Sheet.pdf"
"109","On the Sunny Side of the Street","On the Sunny Side of the Street - Jazz Lead Sheet.pdf","/Users/p3tr4/Documents/LavaAI-demo/output/jazzleadsheet-pdfs/On the Sunny Side of the Street - Jazz Lead Sheet.pdf"
"110","One Note Samba","One Note Samba - Jazz Lead Sheet.pdf","/Users/p3tr4/Documents/LavaAI-demo/output/jazzleadsheet-pdfs/One Note Samba - Jazz Lead Sheet.pdf"
"111","Pent-up House","Pent-up House - Jazz Lead Sheet.pdf","/Users/p3tr4/Documents/LavaAI-demo/output/jazzleadsheet-pdfs/Pent-up House - Jazz Lead Sheet.pdf"
"112","Perdido","Perdido - Jazz Lead Sheet.pdf","/Users/p3tr4/Documents/LavaAI-demo/output/jazzleadsheet-pdfs/Perdido - Jazz Lead Sheet.pdf"
"113","Polka Dots and Moonbeams","Polka Dots and Moonbeams - Jazz Lead Sheet.pdf","/Users/p3tr4/Documents/LavaAI-demo/output/jazzleadsheet-pdfs/Polka Dots and Moonbeams - Jazz Lead Sheet.pdf"
"114","Quiet Nights of Quiet Stars(Corcovado)","Quiet Nights of Quiet Stars(Corcovado) - Jazz Lead Sheet.pdf","/Users/p3tr4/Documents/LavaAI-demo/output/jazzleadsheet-pdfs/Quiet Nights of Quiet Stars(Corcovado) - Jazz Lead Sheet.pdf"
"115","Recorda Ma(Remember Me)","Recorda Ma(Remember Me) - Jazz Lead Sheet.pdf","/Users/p3tr4/Documents/LavaAI-demo/output/jazzleadsheet-pdfs/Recorda Ma(Remember Me) - Jazz Lead Sheet.pdf"
"116","Round Midnight","Round Midnight - Jazz Lead Sheet.pdf","/Users/p3tr4/Documents/LavaAI-demo/output/jazzleadsheet-pdfs/Round Midnight - Jazz Lead Sheet.pdf"
"117","Sandu","Sandu - Jazz Lead Sheet.pdf","/Users/p3tr4/Documents/LavaAI-demo/output/jazzleadsheet-pdfs/Sandu - Jazz Lead Sheet.pdf"
"118","Satin Doll","Satin Doll - Jazz Lead Sheet.pdf","/Users/p3tr4/Documents/LavaAI-demo/output/jazzleadsheet-pdfs/Satin Doll - Jazz Lead Sheet.pdf"
"119","Scrapple from the Apple","Scrapple from the Apple - Jazz Lead Sheet.pdf","/Users/p3tr4/Documents/LavaAI-demo/output/jazzleadsheet-pdfs/Scrapple from the Apple - Jazz Lead Sheet.pdf"
"120","Shiny Stockings","Shiny Stockings - Jazz Lead Sheet.pdf","/Users/p3tr4/Documents/LavaAI-demo/output/jazzleadsheet-pdfs/Shiny Stockings - Jazz Lead Sheet.pdf"
"121","Sing a Song of Song","Sing a Song of Song - Jazz Lead Sheet.pdf","/Users/p3tr4/Documents/LavaAI-demo/output/jazzleadsheet-pdfs/Sing a Song of Song - Jazz Lead Sheet.pdf"
"122","Sining in the Rain","Sining in the Rain - Jazz Lead Sheet.pdf","/Users/p3tr4/Documents/LavaAI-demo/output/jazzleadsheet-pdfs/Sining in the Rain - Jazz Lead Sheet.pdf"
"123","So What","So What - Jazz Lead Sheet.pdf","/Users/p3tr4/Documents/LavaAI-demo/output/jazzleadsheet-pdfs/So What - Jazz Lead Sheet.pdf"
"124","Softly As In A Morning Sunrise","Softly As In A Morning Sunrise - Jazz Lead Sheet.pdf","/Users/p3tr4/Documents/LavaAI-demo/output/jazzleadsheet-pdfs/Softly As In A Morning Sunrise - Jazz Lead Sheet.pdf"
"125","Someday My Prince Will Come","Someday My Prince Will Come - Jazz Lead Sheet.pdf","/Users/p3tr4/Documents/LavaAI-demo/output/jazzleadsheet-pdfs/Someday My Prince Will Come - Jazz Lead Sheet.pdf"
"126","ST. Thomas","ST. Thomas - Jazz Lead Sheet.pdf","/Users/p3tr4/Documents/LavaAI-demo/output/jazzleadsheet-pdfs/ST. Thomas - Jazz Lead Sheet.pdf"
"127","Stars Fell on Alabama","Stars Fell on Alabama - Jazz Lead Sheet.pdf","/Users/p3tr4/Documents/LavaAI-demo/output/jazzleadsheet-pdfs/Stars Fell on Alabama - Jazz Lead Sheet.pdf"
"128","Stella By Starlight","Stella By Starlight - Jazz Lead Sheet.pdf","/Users/p3tr4/Documents/LavaAI-demo/output/jazzleadsheet-pdfs/Stella By Starlight - Jazz Lead Sheet.pdf"
"129","Stompin' at the Savoy","Stompin' at the Savoy - Jazz Lead Sheet.pdf","/Users/p3tr4/Documents/LavaAI-demo/output/jazzleadsheet-pdfs/Stompin' at the Savoy - Jazz Lead Sheet.pdf"
"130","Strabourg St Denis","Strabourg St Denis - Jazz Lead Sheet.pdf","/Users/p3tr4/Documents/LavaAI-demo/output/jazzleadsheet-pdfs/Strabourg St Denis - Jazz Lead Sheet.pdf"
"131","Straight, No Chaser","Straight, No Chaser - Jazz Lead Sheet.pdf","/Users/p3tr4/Documents/LavaAI-demo/output/jazzleadsheet-pdfs/Straight, No Chaser - Jazz Lead Sheet.pdf"
"132","Summertime","Summertime - Jazz Lead Sheet.pdf","/Users/p3tr4/Documents/LavaAI-demo/output/jazzleadsheet-pdfs/Summertime - Jazz Lead Sheet.pdf"
"133","Sunny","Sunny - Jazz Lead Sheet.pdf","/Users/p3tr4/Documents/LavaAI-demo/output/jazzleadsheet-pdfs/Sunny - Jazz Lead Sheet.pdf"
"134","Sweet Georgia Brown","Sweet Georgia Brown - Jazz Lead Sheet.pdf","/Users/p3tr4/Documents/LavaAI-demo/output/jazzleadsheet-pdfs/Sweet Georgia Brown - Jazz Lead Sheet.pdf"
"135","Sweet Sue, Just You","Sweet Sue, Just You - Jazz Lead Sheet.pdf","/Users/p3tr4/Documents/LavaAI-demo/output/jazzleadsheet-pdfs/Sweet Sue, Just You - Jazz Lead Sheet.pdf"
"136","Take Five","Take Five - Jazz Lead Sheet.pdf","/Users/p3tr4/Documents/LavaAI-demo/output/jazzleadsheet-pdfs/Take Five - Jazz Lead Sheet.pdf"
"137","Take the A Train","Take the A Train - Jazz Lead Sheet.pdf","/Users/p3tr4/Documents/LavaAI-demo/output/jazzleadsheet-pdfs/Take the A Train - Jazz Lead Sheet.pdf"
"138","Taking a chance on love","Taking a chance on love - Jazz Lead Sheet.pdf","/Users/p3tr4/Documents/LavaAI-demo/output/jazzleadsheet-pdfs/Taking a chance on love - Jazz Lead Sheet.pdf"
"139","Tangerine","Tangerine - Jazz Lead Sheet.pdf","/Users/p3tr4/Documents/LavaAI-demo/output/jazzleadsheet-pdfs/Tangerine - Jazz Lead Sheet.pdf"
"140","Tea for Two","Tea for Two - Jazz Lead Sheet.pdf","/Users/p3tr4/Documents/LavaAI-demo/output/jazzleadsheet-pdfs/Tea for Two - Jazz Lead Sheet.pdf"
"141","Teach Me Tonight","Teach Me Tonight - Jazz Lead Sheet.pdf","/Users/p3tr4/Documents/LavaAI-demo/output/jazzleadsheet-pdfs/Teach Me Tonight - Jazz Lead Sheet.pdf"
"142","Tenor Madness","Tenor Madness - Jazz Lead Sheet.pdf","/Users/p3tr4/Documents/LavaAI-demo/output/jazzleadsheet-pdfs/Tenor Madness - Jazz Lead Sheet.pdf"
"143","That Old Feeling","That Old Feeling - Jazz Lead Sheet.pdf","/Users/p3tr4/Documents/LavaAI-demo/output/jazzleadsheet-pdfs/That Old Feeling - Jazz Lead Sheet.pdf"
"144","The Frim Fram Sauce","The Frim Fram Sauce - Jazz Lead Sheet.pdf","/Users/p3tr4/Documents/LavaAI-demo/output/jazzleadsheet-pdfs/The Frim Fram Sauce - Jazz Lead Sheet.pdf"
"145","The Girl From Ipanema","The Girl From Ipanema - Jazz Lead Sheet.pdf","/Users/p3tr4/Documents/LavaAI-demo/output/jazzleadsheet-pdfs/The Girl From Ipanema - Jazz Lead Sheet.pdf"
"146","The Lamp is Low","The Lamp is Low - Jazz Lead Sheet.pdf","/Users/p3tr4/Documents/LavaAI-demo/output/jazzleadsheet-pdfs/The Lamp is Low - Jazz Lead Sheet.pdf"
"147","The Nearness of You","The Nearness of You - Jazz Lead Sheet.pdf","/Users/p3tr4/Documents/LavaAI-demo/output/jazzleadsheet-pdfs/The Nearness of You - Jazz Lead Sheet.pdf"
"148","The Sheik of Araby","The Sheik of Araby - Jazz Lead Sheet.pdf","/Users/p3tr4/Documents/LavaAI-demo/output/jazzleadsheet-pdfs/The Sheik of Araby - Jazz Lead Sheet.pdf"
"149","The Time and the Place","The Time and the Place - Jazz Lead Sheet.pdf","/Users/p3tr4/Documents/LavaAI-demo/output/jazzleadsheet-pdfs/The Time and the Place - Jazz Lead Sheet.pdf"
"150","There is no greater love","There is no greater love - Jazz Lead Sheet.pdf","/Users/p3tr4/Documents/LavaAI-demo/output/jazzleadsheet-pdfs/There is no greater love - Jazz Lead Sheet.pdf"
"151","There will never be another you","There will never be another you - Jazz Lead Sheet.pdf","/Users/p3tr4/Documents/LavaAI-demo/output/jazzleadsheet-pdfs/There will never be another you - Jazz Lead Sheet.pdf"
"152","Things Ain't What They Used To Be","Things Ain't What They Used To Be - Jazz Lead Sheet.pdf","/Users/p3tr4/Documents/LavaAI-demo/output/jazzleadsheet-pdfs/Things Ain't What They Used To Be - Jazz Lead Sheet.pdf"
"153","Till Tom Special","Till Tom Special - Jazz Lead Sheet.pdf","/Users/p3tr4/Documents/LavaAI-demo/output/jazzleadsheet-pdfs/Till Tom Special - Jazz Lead Sheet.pdf"
"154","Triste","Triste - Jazz Lead Sheet.pdf","/Users/p3tr4/Documents/LavaAI-demo/output/jazzleadsheet-pdfs/Triste - Jazz Lead Sheet.pdf"
"155","Undecided","Undecided - Jazz Lead Sheet.pdf","/Users/p3tr4/Documents/LavaAI-demo/output/jazzleadsheet-pdfs/Undecided - Jazz Lead Sheet.pdf"
"156","Watermelon Man","Watermelon Man - Jazz Lead Sheet.pdf","/Users/p3tr4/Documents/LavaAI-demo/output/jazzleadsheet-pdfs/Watermelon Man - Jazz Lead Sheet.pdf"
"157","Wave","Wave - Jazz Lead Sheet.pdf","/Users/p3tr4/Documents/LavaAI-demo/output/jazzleadsheet-pdfs/Wave - Jazz Lead Sheet.pdf"
"158","Willow Weep For Me","Willow Weep For Me - Jazz Lead Sheet.pdf","/Users/p3tr4/Documents/LavaAI-demo/output/jazzleadsheet-pdfs/Willow Weep For Me - Jazz Lead Sheet.pdf"
"159","Work Song","Work Song - Jazz Lead Sheet.pdf","/Users/p3tr4/Documents/LavaAI-demo/output/jazzleadsheet-pdfs/Work Song - Jazz Lead Sheet.pdf"
"160","Yardbird Suite","Yardbird Suite - Jazz Lead Sheet.pdf","/Users/p3tr4/Documents/LavaAI-demo/output/jazzleadsheet-pdfs/Yardbird Suite - Jazz Lead Sheet.pdf"
"161","Yesterday","Yesterday - Jazz Lead Sheet.pdf","/Users/p3tr4/Documents/LavaAI-demo/output/jazzleadsheet-pdfs/Yesterday - Jazz Lead Sheet.pdf"
"162","Yesterdays","Yesterdays - Jazz Lead Sheet.pdf","/Users/p3tr4/Documents/LavaAI-demo/output/jazzleadsheet-pdfs/Yesterdays - Jazz Lead Sheet.pdf"
